barcode,product_name,brands,category,latest_price,price_per_100g,energy_kcal_100g,sugars_100g,fat_100g,salt_100g,nutriscore_numeric,nutriscore_grade
5025125000006,Sourdough White Ciabattin,Jason's,bread,2.3,0.396551724137931,230.0,2.4,0.8,0.905,,b
7300400481595,Tartine croustillante Authentique,wasa,bread,2.4,0.8727272727272727,336.0,1.0,1.5,1.0,,a
7300400481588,FIBRES,Wasa,bread,1.79,0.7782608695652175,333.0,2.0,5.0,1.2,,a
7311070032611,Krisprolls complets sans sucres ajout√©s,Krisprolls,bread,2.74,0.6447058823529412,400.0,1.1,6.6,1.1,,a
3029330022428,14 Maxi Tranches complet sans sucres ajout√©s,Jacquet,bread,1.56,0.28363636363636363,243.0,3.8,3.0,1.2,,b
20006105,Roggen Vollkornbrot,Afischer,bread,1.49,0.298,209.0,3.93,1.79,1.0,,a
3760049790214,Pain De Mie Bio,"La Boulang√®re,La Boulang√®re Bio",bread,2.01,0.40199999999999997,268.0,6.3,4.2,1.1,,c
3760049791006,Tartines campagne 450g,La boulangere,bread,2.25,0.5,274.0,2.6,6.5,1.2,,c
4056489007180,pain de mie grandes tranches sp√©cial sandwich complet,"Lidl,Ma√Ætre Jean Pierre",bread,1.63,0.21733333333333332,258.0,5.0,4.5,1.0,,b
7300400481571,wasa,"Barilla,Wasa",bread,1.81,0.6703703703703704,338.0,2.0,1.5,1.0,,a
3228857001231,Harrys brioche tressee nature au sucre perle sans additifs 500g,Harrys,bread,2.64,0.528,356.0,13.0,13.0,0.8,,c
3228857000166,100% mie complet 500g,Harry's,bread,1.83,0.366,250.0,5.5,4.3,1.1,,b
3392460480827,Biscottes 6 C√©r√©ales,Heudebert,bread,1.69,0.5633333333333334,402.0,3.4,7.8,1.6,,d
3228857001378,Brioche moins de sucre,Harrys,bread,3.38,0.6969072164948454,327.0,9.3,11.0,1.0,,c
3760049794298,Pain de mie Bio grandes tranches c√©r√©ales & graines 500g,La Boulang√®re,bread,3.7,0.74,310.0,4.9,8.6,1.0,,c
3017760542890,Pain grill√© au bl√© complet,LU Pelletier,bread,2.25,0.45,387.0,2.6,4.9,1.8,,d
3228857000852,Harrys pain de mie 100% mie nature sans croute 500g,Harrys,bread,2.55,0.51,264.0,7.0,4.0,1.1,,c
3760049790252,Pain de mie grandes tranches Toastiligne complet,la boulang√®re,bread,1.45,0.29,226.0,2.8,1.9,0.98,,a
8410076470812,6 Wraps bl√© complet,Old El Paso,bread,3.05,0.8714285714285713,295.0,2.24,6.03,1.05,,c
3182180001477,Grilletine au froment sans sucres ajout√©s,brioche pasquier,bread,2.36,0.9254901960784314,425.0,1.7,9.6,0.89,,b
3228857002344,Pain de mie american sandwich complet sans sucres ajout√©s 600g,Harrys,bread,1.67,0.2783333333333333,280.0,3.6,6.8,1.1,,b
5010003000339,Tasty Wholemeal Medium,Hovis,bread,1.39,0.17375,220.0,4.0,1.75,0.888,,a
3182180002115,Grilletines bl√© complet,"Brioche Pasquier, Pasquier",bread,2.24,0.9256198347107439,418.0,7.3,10.0,0.87,,c
3228857001194,Harrys beau & bon pain de mie farine de ble cereales & graines 320g,Harrys,bread,2.4,0.7499999999999999,286.0,3.5,6.5,1.0,,b
7311070032598,Krisprolls complets sans sucres ajout√©s,KRISPROLLS,bread,2.18,0.9083333333333334,400.0,3.85,6.92,1.08,,c
3182180060320,Tartines de Pain Bl√© Complet,Brioche Pasquier,bread,1.84,0.7666666666666667,382.0,4.2,5.0,1.5,,c
3017760363990,Heudebert Fibre +,Heudebert,bread,2.31,0.8250000000000001,384.0,5.4,5.7,1.1,,c
3228857000906,Pain AMS complet,Harrys,bread,1.31,0.21833333333333335,253.0,4.9,4.5,1.2,,b
3760049796384,Tartines c√©r√©ales 450g,La Boulang√®re,bread,2.41,0.5355555555555556,298.0,2.9,10.0,1.1,,b
7311070032604,Krisprolls complets,P√•gen,bread,3.69,0.868235294117647,397.0,7.0,6.2,1.6,,d
7311070362664,Krisprolls,Krisprolls,bread,2.99,0.703529411764706,432.0,10.0,11.0,0.67,,d
3760049795479,Pain de mie grandes tranches Toastiligne c√©r√©ales & graines 500g,La Boulang√®re,bread,1.77,0.354,250.0,3.8,2.9,1.0,,b
5010003000131,Soft White Medium Bread,Hovis,bread,1.39,0.17375,232.0,3.5,1.75,0.887,,c
3182180001996,Biscottes Sans sucres ajout√©s Bl√© complet,Pasquier,bread,2.09,0.6966666666666667,384.0,3.4,6.2,1.1,,a
5036034406193,Mission Deli White Wraps,Auto Extreme,bread,1.59,,313.0,2.13,7.05,0.775,,c
4056489235798,Pain de mie grandes tranches 7 cereales,Ma√Ætre Jean Pierre,bread,1.62,0.21600000000000003,290.0,3.4,9.4,1.0,,b
8410076472953,Wraps,Old El Paso,bread,3.8,1.0857142857142856,299.0,2.1,5.2,1.0,,c
3284230011884,8 Pains au lait frais Bio 280g,"La Boulang√®re Bio, La boulangere",bread,2.21,0.7892857142857144,345.0,8.7,11.0,0.9,,d
3182189999805,Biscottes sans sel et sans sucre ajout√©s,Pasquier,bread,2.19,0.73,390.0,2.2,3.7,0.02,,a
3228857002245,Pain de mie american sandwich rustique sans sucres ajout√©s 500g,Harry's,bread,2.09,0.418,293.0,3.0,8.0,1.0,,a
7622210416681,Biscottes,"Heudebert,Lu,Mondelez",bread,1.52,0.5241379310344828,165.0,2.8,2.9,0.47,,c
3029330069898,nan,Jacquet,bread,1.74,0.42439024390243907,270.0,5.3,4.3,1.0,,b
7622210416629,La Biscotte 96% de c√©r√©ales,Heudebert,bread,1.31,0.4366666666666667,408.0,6.8,7.3,1.2,,d
3228857000883,Extra moelleux nature,HARRYS,bread,1.29,0.258,278.0,6.5,5.2,1.18,,c
3029330071280,Pain complet,Jacquet,bread,2.49,0.3018181818181818,243.0,3.8,3.0,1.2,,b
3760049798029,Tartines Bio quinoa & graines 450g,"La Boulang√®re Bio,La boulangere",bread,3.6,0.8,314.0,5.0,11.0,1.0,,b
3029330022411,Maxi Tranches Sans sucre ajout√© Nature,Jacquet,bread,1.53,0.2781818181818182,249.0,4.5,2.8,1.1,,c
3182180002542,Grilletine Sans sucres ajout√©s Bl√© complet,Pasquier,bread,2.38,0.9333333333333333,411.0,2.1,10.0,0.9,,c
3229820019192,Pain complet 3 c√©r√©ales,Bjorg,bread,3.9,0.78,196.0,2.0,2.9,1.1,,a
8008698007389,"Maestro Cereale avec du Levain, Millet et Quinoa",Sch√§r,bread,3.05,1.0166666666666666,248.0,4.0,6.4,0.94,,b
3228857001101,Beau & bon pain de mie complet lin tournesol 320g,Harrys,bread,2.5,0.78125,303.0,3.5,9.0,0.9,,a
13764027053,Organic Bread 21 Whole Grains and Seeds,Dave's Killer Bread,bread,8.79,1.1490196078431372,244.0,8.89,3.33,0.944,,a
3760049798869,Pain de mie Bio grandes tranches complet sans sucres ajout√©s 500g,La Boulang√®re,bread,2.79,0.558,252.0,1.9,5.1,0.99,,a
3760049798845,Pain de mie grandes tranches Avoine & Graines 500g,La BOULANG√àRE,bread,2.15,0.43,274.0,2.2,9.1,0.93,,a
3182180002436,Pain Grill√© l'Original,BRIOCHE PASQUIER,bread,2.44,0.5879518072289156,388.0,4.1,3.5,1.3,,c
8008698005576,Maestro Classic,Sch√§r,bread,4.06,1.3533333333333333,232.0,3.2,3.6,0.98,,a
3392460481114,Biscottes Pleine vie Sans sel ajout√©,"Heudebert, Lu, Mondelez",bread,1.88,0.6266666666666666,407.0,4.8,6.1,0.01,,c
3228850000262,Pain AMS 7 c√©r√©ales,Harrys,bread,1.23,0.22363636363636363,282.0,5.0,6.8,1.13,,b
20511296,Wholemeal Seeded Farmhouse Loaf,Deluxe,bread,1.09,0.13625,262.0,2.13,7.87,0.984,,a
20006174,Tartines craquantes Froment,Ma√Ætre Jean Pierre,bread,1.05,0.42000000000000004,385.0,3.5,23.4,1.19,,c
8008698011065,Gluten free,Schar,bread,4.31,1.2314285714285713,262.0,0.9,9.2,1.0,,b
7622210416667,Pain grill√© Pelletier,"LU, Pelletier",bread,2.17,0.434,389.0,2.5,4.8,1.8,,d
3228857000838,American Sandwich Nature,Harrys,bread,1.3,0.23636363636363636,271.0,7.7,4.1,1.1,,c
3760049798890,Pain au lait bio x12 420g,la boulang√®re,bread,3.02,0.719047619047619,345.0,8.7,11.0,0.9,,d
3228857000913,Pain de mie nature,Harrys,bread,2.11,0.3246153846153846,266.0,7.7,4.3,1.1,,c
3228857001118,Pain 100% mie nature sans sucre ajout√©,Harrys,bread,2.65,0.53,262.0,5.6,5.0,1.0,,c
5057967342082,Wholemeal tortilla wraps,Tesco,bread,1.3,0.26639344262295084,279.0,3.28,5.25,0.885,,b
3029330004240,Fines Tartines farine de Seigle,Jacquet,bread,2.8,0.5599999999999999,224.0,3.8,1.6,1.2,,b
3017760771894,Biscotte gout brioche heudebert,LU,bread,1.95,0.6724137931034483,196.0,5.4,5.0,0.5,,c
20712785,Pain de mie Grandes Tranches 7 c√©r√©ales,"Ma√Ætre Jean Pierre,Lidl",bread,1.62,0.29454545454545455,283.0,6.2,6.5,1.1,,c
3560070308316,Biscottes Compl√®tes bio,Carrefour,bread,3.37,1.1233333333333333,388.0,4.9,6.3,1.3,,c
3760049794373,PAIN MIE SANDWICH BIO* COMPLET Sans sucres ajout√©s 500G,Bien,bread,3.76,0.752,252.0,1.9,5.1,0.99,,a
3182180002092,Grilletine froment,"Brioche Pasquier,Pasquier",bread,2.25,0.9297520661157025,427.0,9.0,9.6,0.88,,c
3229820019208,Pain complet seigle,Bjorg,bread,4.1,0.82,198.0,4.0,1.3,1.1,,b
3564700596968,Pain de mie grandes tranches complet,"Marque Rep√®re, Epi d'Or, Scamark (Filiale E. Leclerc)",bread,1.73,0.3145454545454545,255.0,6.2,4.8,1.1,,b
8410076472946,8 Tortillas - Bl√© nature,"General Mills, Old el Paso",bread,2.92,0.8957055214723927,299.0,2.1,5.2,1.0,,c
8480000823021,Pan de molde con 52% centeno,Hacendado,bread,1.47,0.20416666666666666,265.0,2.1,7.8,1.3,,a
13764027138,THIN-SLICED ORGANIC BREAD 21 WHOLE GRAINS AND SEEDS,Dave's Killer Bread,bread,7.49,1.2891566265060241,214.0,10.7,3.57,0.938,,a
5010003052949,Best of Both Bread,Hovis,bread,1.15,0.14375,232.0,3.5,1.75,0.887,,c
3228857000869,100% mie,Harrys,bread,1.79,0.358,266.0,7.7,4.2,1.1,,c
7311070032581,Krisprolls,Pagen,bread,2.0,0.8333333333333334,397.0,7.0,6.2,1.5725,,d
3182180002474,Pain grill√©,Brioche Pasquier,bread,2.16,,403.0,3.3,6.6,1.3,,c
7622210941480,Heudebert Bl√© complet,Heudebert,bread,2.47,0.8821428571428572,387.0,7.4,4.7,1.43,,c
3560071472719,Maxi tranches complet,"Carrefour, Carrefour-classic",bread,1.44,0.2618181818181818,282.0,4.8,4.7,1.1,,c
3041090063152,cracotte,lu,bread,1.73,0.692,389.0,12.0,2.6,1.4,,d
3228857001347,Harrys brioche tranchee pepites de chocolat sans additif 485g,Harry's,bread,3.79,0.7814432989690723,357.0,17.0,13.0,0.65,,d
5010092736812,Allinson's Scandalous Seeds Wholemeal,Allinson's,bread,1.6,0.24615384615384617,268.0,2.5,9.0,0.75,,a
7311070032574,"Golden Wheat Swedish Krisprolls, 7.9oz (225g)",Pagen,bread,2.21,0.9208333333333334,432.0,9.5,10.0,0.66,,c
3228857002351,Pain de mie american sandwich complet sans sucres ajout√©s maxi 900g,Harrys,bread,2.4,0.26666666666666666,280.0,3.6,6.8,1.1,,b
3177500000742,Unleavened Breads,Biscuiterie d'Agen,bread,3.39,0.5650000000000001,364.0,1.1,0.8,0.01,,a
3228857000180,Pain AMS complet,Harrys,bread,1.9,0.2111111111111111,253.0,4.9,4.5,1.2,,b
5010044000275,Toastie White Bread,Warburtons,bread,1.2,0.3,243.0,2.78,2.08,0.938,,c
8710637105352,Wraps au bl√© nature,Mission,bread,3.83,1.035135135135135,314.0,1.1,7.0,0.98,,b
3228857002184,Pain de mie american sandwich nature sans sucres ajout√©s 550g,"Harrys, Harrys N√© √† Ch√¢teauroux",bread,1.95,0.35454545454545455,283.0,5.2,6.0,1.1,,c
3392460488809,Toast brioch√©,"LU, Pelletier",bread,1.65,1.0999999999999999,438.0,10.0,8.7,1.1,,d
8727200195221,Tortilla de mais et bl√©,old El paso,bread,2.99,0.8925373134328358,289.0,4.4,4.8,0.95,,c
3228857001507,Harrys pain de mie extra moelleux complet sans sucres ajout√©s 280g,Harrys,bread,2.15,0.7678571428571429,273.0,5.1,4.6,1.1,,c
3029330072690,4 Pains burger g√©ant √† la farine  compl√®te,Jacquet,bread,1.99,0.5685714285714286,270.0,4.8,5.0,1.1,,c
3392460482012,Biscottes Forme+,"Heudebert, Lu, Mondel√®z International",bread,2.09,0.7464285714285714,390.0,6.9,6.5,1.41,,c
3256222646985,Pain de mie sandwich complet 550g,U,bread,1.3,0.23636363636363636,261.0,5.9,4.9,1.1,,c
5010029000016,Weetabix,Weetabix,breakfast-cereals,3.62,0.8418604651162791,358.0,4.21,2.11,0.257,,a
3168930010265,cruesly m√©lange de noix,Quaker,breakfast-cereals,4.12,0.9155555555555556,462.0,12.0,19.0,0.0,,b
20003166,Haferflocken,"Brownfield, CROWNFIELD",breakfast-cereals,0.69,0.13799999999999998,372.0,0.7,7.0,0.03,,a
3229820019307,Flocons d'avoine,Bjorg,breakfast-cereals,1.84,0.368,362.0,1.7,7.1,0.02,,a
3229820160672,Croustillant Chocolat,Bjorg,breakfast-cereals,3.59,0.718,433.0,14.0,14.0,0.28,,c
5010029000023,Weetabix produit √† base de bl√© complet 100%,Weetabix,breakfast-cereals,3.91,0.9093023255813955,363.0,4.27,2.13,0.26,,a
3229820129488,"Muesli Raisin, Figue, Abricot",Bjorg,breakfast-cereals,2.17,0.5786666666666667,352.0,14.0,5.8,0.03,,a
5010477348678,Special Muesli 30% fruits & noix,Jordans,breakfast-cereals,4.19,0.5586666666666668,362.0,17.0,7.2,0.03,,a
5000108022152,Quaker Rolled Oats,Quaker,breakfast-cereals,2.5,0.25,368.0,1.0,8.5,0.00625,,a
3229820782560,"Muesli SuperFruits Raisins, cassis,cranberry, myrtille",Bjorg,breakfast-cereals,3.45,0.92,358.0,13.0,6.0,0.04,,a
3159470000120,Corn Flakes,Kellogg's,breakfast-cereals,3.39,0.678,378.0,8.0,0.9,1.1,,d
3168930009078,Flocons d'avoine compl√®te,Quaker,breakfast-cereals,1.75,0.3181818181818182,375.0,1.1,8.0,0.01,,a
5010477348357,Country Crisp 4 noix,Jordans,breakfast-cereals,2.98,0.5418181818181819,465.0,18.0,20.0,0.03,,c
3229820769165,Muesli avoine chocolat bio,Bjorg,breakfast-cereals,4.55,1.2133333333333334,390.0,8.7,9.6,0.1,,a
5010029229035,Crispy minis imp,Weetabix,breakfast-cereals,4.3,0.86,385.0,17.0,5.0,0.2,,b
7613036669146,NESTLE CHOCAPIC BIO C√©r√©ales 375g,"Nestl√©,Chocapic",breakfast-cereals,4.21,1.1226666666666667,390.0,19.9,5.6,0.2,,b
7613034626844,C√©r√©ales Chocapic,"Nestl√©,Chocapic",breakfast-cereals,2.67,0.6209302325581395,388.0,22.4,4.8,0.22,,c
5010477348395,Country Crisp - Chocolat noir 70% cacao,Jordans,breakfast-cereals,4.69,0.8527272727272728,453.0,20.8,16.7,0.03,,d
3168930010906,Cruesli Chocolat noir,Quaker,breakfast-cereals,2.78,0.6177777777777778,455.0,16.0,19.0,0.48,,c
5010477348517,Country Crisp 4 Baies,Jordans,breakfast-cereals,4.18,0.7599999999999999,432.0,20.0,13.0,0.03,,c
3387390123210,NESTLE CHOCAPIC C√©r√©ales 375g,"Nestl√©, Chocapic",breakfast-cereals,2.99,0.7973333333333333,384.0,19.9,4.4,0.2,,b
40897677,Hafer Flocken Zart,"Crownfield,Bio Organic,Lidl",breakfast-cereals,1.69,0.33799999999999997,371.0,0.8,6.7,0.0,,a
20159917,Corn Flakes,"Crownfield, Lidl",breakfast-cereals,1.39,0.27799999999999997,386.0,3.0,1.2,1.95,,d
7613287514325,Fitness Nature C√©r√©ales compl√®tes,Nestle,breakfast-cereals,3.45,0.7263157894736842,368.0,8.3,1.5,0.56,,a
3168930009795,Muesli Croustillant Noix de p√©can & noix du Br√©sil,Quaker,breakfast-cereals,4.57,0.914,420.0,13.0,11.0,0.24,,b
20621469,Special Flakes Classic,Crownfield,breakfast-cereals,1.95,0.39,388.0,8.8,1.8,0.51,,a
5059319029702,Rice Krispies,Kellogg‚Äôs,breakfast-cereals,3.8,0.8837209302325582,389.0,7.9,1.2,0.9825,,c
5070000126548,"Low Sugar, Naturally Gut-Loving Granola",Bio & Me,breakfast-cereals,3.95,1.0972222222222223,447.0,7.9,17.9,0.06,,a
3560070614202,Oat flakes,Carrefour,breakfast-cereals,0.89,0.178,372.0,0.7,7.0,0.0,,a
3168930003632,Flocons d'avoine compl√®te,Quaker Oats,breakfast-cereals,2.55,0.31875,375.0,1.1,8.0,0.01,,a
5059319030517,Corn Flakes,Kelloggs,breakfast-cereals,2.4,,378.0,8.0,0.9,1.1,,d
5010029226133,nan,Weetabix,breakfast-cereals,4.39,0.7981818181818181,374.0,21.0,5.6,0.25,,c
5059319023762,Miel pops,KELLOG'S,breakfast-cereals,2.59,0.7848484848484848,384.0,22.0,1.5,0.4,,c
5010477348630,"Muesli bio 36% fruits, noix & graines",Jordans,breakfast-cereals,3.04,0.608,373.0,18.9,8.4,0.03,,c
5000436616443,Corn Flakes,Tesco,breakfast-cereals,0.88,0.176,387.0,6.1,1.2,0.59,,c
3159470001424,C√©r√©ales All Bran Kellogg's Fibre Plus,Kellogg's,breakfast-cereals,3.46,0.692,334.0,18.0,3.5,0.95,,c
3229820798110,Granola Chocolat,Bjorg,breakfast-cereals,5.69,1.625714285714286,420.0,12.0,13.0,0.01,,c
7613287157201,Cheerios Multigrain,Cheerios Multigrain,breakfast-cereals,3.45,0.8846153846153847,377.0,17.7,4.67,0.783,,c
8410188012092,Corn Flakes,Kellogg's,breakfast-cereals,3.49,0.6980000000000001,378.0,8.0,0.9,1.1,,d
3229820786605,Crousti' Avoine Chocolat,Bjorg,breakfast-cereals,5.39,1.0779999999999998,416.0,14.0,13.0,0.1,,c
20060831,Premium Fruit & Nut Muesli,Lidl,breakfast-cereals,1.99,0.2653333333333333,393.0,24.4,11.6,0.0833,,c
5059319029016,Special K,Kellogg's,breakfast-cereals,3.3,0.7499999999999999,392.0,15.0,1.3,0.825,,c
3387390326574,nan,"Cookie crisp,Nestl√©",breakfast-cereals,2.75,0.7333333333333333,393.0,22.4,5.2,0.66,,c
5010477356239,Muesli bio chocolat noir,Jordans,breakfast-cereals,3.64,0.8088888888888889,398.0,8.9,11.0,0.03,,c
8480000095718,Copos de trigo espelta integral 0%,Hacendado,breakfast-cereals,1.75,0.4375,364.0,1.9,2.7,0.78,,a
5000119117342,Wheat Biscuits malty & crispy,Tesco,breakfast-cereals,2.1,0.46052631578947373,358.0,4.4,2.0,0.3,,a
5053827110983,C√©r√©ales Miel Pops,Kellogg's,breakfast-cereals,3.64,0.5870967741935484,384.0,22.0,1.5,0.4,,c
8480000094919,Muesli Frutas,"Hacendado, Mercadona",breakfast-cereals,2.7,0.27,361.0,15.0,7.6,0.08,,c
5053827199568,Tresor - Choco Nut,Kellogg's,breakfast-cereals,3.12,0.7609756097560977,453.0,26.0,15.0,0.94,,d
3159470005071,C√©r√©ales Extra P√©pites Chocolat Noisettes,Kellogg's,breakfast-cereals,3.51,0.702,497.0,21.0,25.0,0.68,,e
3229820796857,Flocons d'avoine,Bjorg,breakfast-cereals,2.99,0.33222222222222225,363.333333333333,0.0,8.0,0.0833333333333333,,a
7613287170989,shredded wheat,Nestl√©,breakfast-cereals,3.3,0.8918918918918918,367.0,0.7,2.2,0.05,,a
5010477354051,Muesli Bio Superfruits,Jordans,breakfast-cereals,3.97,0.8822222222222222,360.0,10.2,5.5,0.03,,a
3229820797861,Croustillant 3 noix,Bjorg,breakfast-cereals,4.79,1.0644444444444445,441.0,14.0,17.0,0.02,,b
1242942,Wholegrain Malties,Sainsbury's,breakfast-cereals,1.02,,360.0,10.7,1.67,0.425,,a
4056489300786,Knusper M√ºsli Schoko,"Crownfield, Lidl",breakfast-cereals,3.45,0.6900000000000001,447.0,13.7,16.2,0.41,,c
3168930010890,Quaker Cruesli Chocolat au lait,Quaker,breakfast-cereals,3.35,0.7444444444444445,457.0,20.0,19.0,0.51,,d
7613032779566,chocapic,"Nestl√©, Chocapic",breakfast-cereals,5.98,0.5980000000000001,384.0,19.9,4.4,0.2,,b
7613034947611,NESTLE CHOCAPIC C√©r√©ales 750g,Nestl√©,breakfast-cereals,3.23,0.43066666666666664,388.0,22.4,4.8,0.22,,c
3229820116716,Muesli aux fruits,Bjorg,breakfast-cereals,4.99,0.6653333333333333,358.0,10.0,6.0,0.02,,a
5060201621805,FUEL10K Protein Boosted Chunky Chocolate Granola imp,Fuel,breakfast-cereals,3.4,0.85,442.0,17.6,13.6,0.04,,c
5060092030977,High Protein Granola Nuts & Seeds,Lizi's,breakfast-cereals,4.99,1.4257142857142857,450.0,12.0,17.0,0.61,,c
5050083296079,Cereales special K original,Kellogg's,breakfast-cereals,3.85,0.77,392.0,15.0,1.3,0.84,,c
3387390019995,NESTLE LION c√©r√©ales 400g‚Äã,"Nestl√©, Lion",breakfast-cereals,2.99,0.7475,405.0,24.5,7.4,0.48,,d
7613287136053,Shreddies,Nestle,breakfast-cereals,3.45,0.7500000000000001,364.0,12.5,1.8,0.72,,b
3229820794556,Muesli Prot√©ines,bjorg,breakfast-cereals,4.06,1.0826666666666667,382.0,11.0,12.0,0.03,,a
4056489210016,Muesli 4 nuts,Crownfield,breakfast-cereals,2.37,0.395,454.0,18.1,16.9,0.08,,c
5010477356277,Granola Amandes Noisettes & Graines,Jordans,breakfast-cereals,4.38,1.095,451.0,2.5,14.8,0.03,,a
3564706604360,Muesli p√©pites croustillantes chocolat-noissette r√©duit en sucre,"Marque Rep√®re, Grain√©a",breakfast-cereals,2.84,0.8114285714285714,432.0,9.3,16.0,0.07,,a
3564706624467,Flocons d'avoine,"Marque Rep√®re, Grain√©a",breakfast-cereals,0.85,0.16999999999999998,372.0,0.7,7.0,0.025,,a
5010029227062,Oreo O's,OREO,breakfast-cereals,5.39,1.5399999999999998,382.0,27.0,2.1,0.56,,d
5059319023533,Rice Krispies,Kellogg's,breakfast-cereals,3.03,0.8416666666666666,389.0,7.9,1.2,1.0,,c
5050083516313,C√©r√©ales Extra Kellogg's P√©pites Chocolat au lait,Kellogg's,breakfast-cereals,3.04,0.608,484.0,25.0,22.0,0.68,,e
5050083535079,C√©r√©ales Tr√©sor Kellogg's Chocolat Noisettes - 1kg,Kellogg's,breakfast-cereals,6.38,0.638,456.0,26.0,14.0,1.1,,e
3229820797946,Muesli,Bjorg,breakfast-cereals,4.91,0.6546666666666667,352.0,14.0,5.8,0.03,,a
4056489462828,Simply porridge oats,Lidl,breakfast-cereals,0.85,0.08499999999999999,368.0,1.0,8.5,0.025,,a
8480000094926,nan,"Hacendado, Mercadona",breakfast-cereals,2.55,0.51,367.0,26.0,9.3,0.11,,c
3421557910203,Flocons d'avoine complets,Terres & C√©r√©ales BIO,breakfast-cereals,2.2,0.44000000000000006,371.0,0.9,7.0,0.01,,a
4056489209980,Crunchy Muesli Multi Fruit,CROWNFIELD,breakfast-cereals,2.24,0.37333333333333335,426.0,24.1,13.9,0.245,,d
8445290728791,KitKat Cereal,Nestl√©,breakfast-cereals,3.92,1.187878787878788,420.0,24.7,10.9,0.37,,d
3387390339505,nan,"Golden grahams,Nestl√©",breakfast-cereals,2.42,0.6453333333333333,378.0,24.5,3.3,0.97,,d
3421557501722,Muesli croustillant tradition,Terres et C√©r√©ales,breakfast-cereals,6.15,0.615,440.0,20.0,13.0,0.05,,c
5053827101424,Smacks,"Kellogg's, Smacks",breakfast-cereals,2.72,0.68,377.0,34.0,1.6,0.02,,d
20425609,Multigrain Hoops,Crownfield,breakfast-cereals,0.85,0.22666666666666666,376.0,17.7,2.7,0.6875,,c
3421557501975,Muesli croustillant duo p√©pites,Terres et c√©r√©ales bio,breakfast-cereals,7.15,,433.0,25.0,13.0,0.05,,c
5000119684257,FRUIT & FIBRE FRUITY CRUNCH,TESCO,breakfast-cereals,1.65,0.22,367.0,22.0,5.1,0.5,,c
7613031370641,Lion cereal with caramel and chocolate,Nestl√©,breakfast-cereals,36.0,9.0,405.0,24.5,7.4,0.48,,d
5053827199667,C√©r√©ales tr√©sor - chocolat au lait,Kellogg's,breakfast-cereals,3.61,0.8804878048780488,448.0,25.0,15.0,0.96,,e
8010265640202,Corn Flakes,Kellogg's,breakfast-cereals,2.89,0.7706666666666667,378.0,8.0,0.9,1.1,,d
4056489687337,Muesli Crunchy,"Crownfield, Lidl",breakfast-cereals,2.79,0.558,445.0,16.0,15.8,0.00013,,c
8480000094889,Copos de trigo integral y arroz 0% az√∫cares a√±adidos,"Hacendado,Mercadona",breakfast-cereals,2.0,0.4,373.0,0.667,1.67,0.6,,a
5059319025711,Special K Chocolat noir,Kellogg's,breakfast-cereals,4.4,0.8800000000000001,424.0,17.0,6.1,0.64,,d
3564706612792,Muesli 4 Noix,"Marque Rep√®re, Grain√©a",breakfast-cereals,2.03,0.40599999999999997,463.0,16.0,18.0,0.15,,c
3168930010869,nan,QUAKER,breakfast-cereals,6.04,0.6711111111111111,455.0,16.0,19.0,0.48,,c
5010029229110,"Crispy Minis Choco, c√©r√©ales de bl√© complet enrichies en vitamines et en fer avec du chocolat",Weetabix,breakfast-cereals,4.35,0.8699999999999999,385.0,17.0,5.0,0.16,,b
3250391896554,Flocons d'avoine compl√®te 500g,Chabrior,breakfast-cereals,0.85,0.16999999999999998,369.0,1.1,6.8,0.05,,a
5053827110679,Froot Loops,Kellogg's,breakfast-cereals,3.79,1.0106666666666666,385.0,25.0,3.0,1.13,,d
7613036669498,CHEERIOS BIO C√©r√©ale 375g,"Nestl√©, Cheerios",breakfast-cereals,3.37,0.8986666666666667,388.0,18.0,6.6,0.65,,c
7613035144699,NESTLE NESQUIK C√©r√©ales 450g,"Nestl√©, Nesquik",breakfast-cereals,3.05,0.6777777777777777,377.0,22.4,2.8,0.22,,c
3560071190965,Flocons d'avoine,"Carrefour BIO,Carrefour",breakfast-cereals,1.69,0.33799999999999997,372.0,0.7,7.0,0.01,,a
7622210449283,Prince Go√ªt Chocolat,LU,sweet-snacks,1.46,0.48666666666666664,465.0,31.5,17.5,0.5,,e
3046920029759,Excellence Noir Prodigieux 90% Cacao,Lindt,sweet-snacks,2.48,2.48,592.0,7.0,55.0,0.03,,e
6111031005064,Tonik,ÿπÿ±ÿ®Ÿä,sweet-snacks,1.0,4.545454545454546,504.0,40.0,22.2,0.217,,e
3175680011480,S√©same,Gerbl√©,sweet-snacks,1.54,0.6695652173913044,467.0,17.0,18.0,0.38,,c
20995553,Chocolat noir - 85% cacao,J. D. Gross,sweet-snacks,1.73,1.384,600.0,12.0,48.0,0.0,,d
8425197712024,nan,Maruja,sweet-snacks,1.6,1.0666666666666667,539.0,50.0,33.0,0.275,,e
8000500310427,Biscuits croquants au coeur onctueux de Nutella¬Æ,Nutella,sweet-snacks,3.05,1.0032894736842104,515.0,35.8,24.8,0.559,,e
3046920022651,Excellence Noir Intense 70% Cacao,Lindt,sweet-snacks,1.85,1.85,566.0,30.0,41.0,0.02,,e
3046920022606,Excellence Noir Puissant 85% Cacao,Lindt,sweet-snacks,2.33,2.33,584.0,15.0,46.0,0.02,,e
3229820100234,Fourr√©s Chocolat Noir,Bjorg,sweet-snacks,3.29,1.4622222222222223,476.0,27.0,19.0,0.49,,d
20022464,Extra dark 74% Cocoa,fin CARR√â,sweet-snacks,1.29,1.29,571.0,26.0,42.0,0.02,,e
3046920028004,70% chocolate,Lindt & Spr√ºngli,sweet-snacks,4.45,4.45,566.0,30.0,41.0,0.0975,,e
3175681851849,Pomme üçè üçé Noisetteü•ú,Gerbl√©,sweet-snacks,1.91,0.8304347826086956,453.0,11.0,17.0,0.01,,b
3046920028363,Excellence 85% Cacao Rich Dark,Lindt,sweet-snacks,3.99,3.99,578.0,15.0,46.0,0.0125,,e
20095291,Edelbitter 70% Cacao,J.D Gross,sweet-snacks,8.99,7.192,565.0,27.2,41.5,0.03,,e
3251490332080,Figue & son,Gerbl√©,sweet-snacks,1.63,0.7761904761904761,450.0,16.0,19.0,0.19,,b
3046920028721,Bitter Extra Kraftig,"Lindt,Lindt&Spr√ºngli",sweet-snacks,2.58,5.16,573.0,1.0,49.0,0.7,,e
7613035040823,Nestl√© Dessert,Nestl√©,sweet-snacks,2.09,1.0195121951219512,548.0,46.4,34.1,0.01,,e
3256540000698,Pains au lait x10,Pasquier,sweet-snacks,1.25,0.35714285714285715,353.0,11.0,11.0,0.00275,,c
3045140105502,Chocolat au lait,Milka,sweet-snacks,2.0,2.0,539.0,55.0,31.0,0.275,,e
3284230006408,Brioche Tranch√©e Bio 400g,La Boulang√®re,sweet-snacks,2.95,0.7375,336.0,13.0,9.4,0.95,,c
40896243,Lidl Organic Dark Chocolate,LIDL,sweet-snacks,1.59,1.59,600.0,26.666666666667,40.0,0.0,,e
3046920029780,Excellence Noir Subtil Doux 70% Cacao,Lindt Excellence,sweet-snacks,1.79,1.79,610.0,29.0,48.0,0.01,,e
3587220002252,La g√¢che tranch√©e,La Fourn√©e Dor√©e,sweet-snacks,2.19,0.438,341.0,13.0,12.0,1.12,,e
7622210601988,Granola L'Original,"LU, Mondelez International",sweet-snacks,1.11,0.555,491.0,28.0,23.0,1.2,,e
80052760,Kinder Bueno,Kinder,sweet-snacks,5.15,11.976744186046513,572.0,41.2,37.3,0.1975,,e
3175681851856,Biscuit raisins,Gerbl√©,sweet-snacks,2.56,0.9481481481481481,442.0,17.0,14.0,0.2,,c
3229820794525,Nutri+ avoine chocolat,Bjorg,sweet-snacks,2.2,1.6923076923076923,454.0,17.0,18.0,0.61,,c
3061990143365,Go√ªt chocolat,BN,sweet-snacks,1.65,0.5789473684210525,463.0,30.0,17.0,0.47,,e
8410076610737,Protein Cacahuetesü•ú & Chocolatüç´,Nature Valley,sweet-snacks,3.16,1.975,488.0,17.0,28.2,0.956,,not-applicable
5000159461122,Snickers,Snickers,sweet-snacks,29.0,58.0,481.0,51.8,22.5,0.62875,,e
7622201133337,Figolu,LUMondelez,sweet-snacks,1.44,0.75,400.0,50.0,8.12,0.000937,,e
8410076601131,Crunchy avoine et miel,Nature ValleyGeneral Mills,sweet-snacks,3.12,1.4857142857142858,467.0,26.8,18.1,0.835,,d
3175680011534,Biscuit lait chocolat,"Gerbl√©,Gerbl√© Vitalit√©,Nutrition & Sant√©",sweet-snacks,1.99,0.8652173913043479,457.0,21.0,17.0,0.74,,d
4014400400007,Toffifee 15er,Storck,sweet-snacks,1.49,1.192,521.0,48.8,29.0,0.27,,e
8410076601148,Crunchy Avoine & Chocolat Noir x 5 x 2 barres de 21 g,"General Mills,Nature Valley",sweet-snacks,3.89,1.8523809523809525,473.0,26.8,19.8,0.65,,d
3175681105423,Cookieüç™ cacao p√©pites Sans Sucre,Gerbl√©,sweet-snacks,3.12,2.4,414.0,0.0,18.0,0.21,,b
16811207,petit d√©jeuner miel et p√©pites de chocolat,belvita,sweet-snacks,2.15,0.4942528735632184,409.0,26.0,15.0,1.4,,d
3175680011442,Biscuit soja orange,Gerbl√©,sweet-snacks,1.63,0.5821428571428572,444.0,18.0,14.0,0.36,,c
5000168198491,Sabl√©s Anglais L'Original,"McVitie's,United Biscuits",sweet-snacks,2.29,0.5725,483.0,15.1,21.3,1.3,,e
3229820021027,P'tit Nature Complet,Bjorg,sweet-snacks,1.57,0.785,416.0,20.0,10.0,0.45,,c
3046920010047,Excellence Noir Cors√© 78% Cacao,Lindt Excellence,sweet-snacks,2.7,2.7,576.0,3.4,46.0,0.0075,,d
3229820181950,Fourr√©s Chocolat au Lait,Bjorg,sweet-snacks,3.37,1.4977777777777779,486.0,30.0,20.0,0.52,,e
7622210995087,180G C OR NOIR NOISETTE,"C√¥te D‚ÄôOr, Mondelez",sweet-snacks,3.66,2.033333333333333,569.0,40.0,39.0,0.01,,e
80135876,Nutella 400g,"Nutella,Ferrero",sweet-snacks,1699.0,424.75,539.0,56.3,30.9,0.1075,,e
8000500023976,Coco specialty,"Confetteria Raffaello,Ferrero",sweet-snacks,4.48,2.986666666666667,630.0,34.0,48.0,0.267,,e
5060088707685,Barres de fruits secs & noix Myrtilles,nakd,sweet-snacks,3.39,2.4214285714285717,368.0,49.0,11.0,0.01,,d
3175681209282,Go√ªter 4S Saveur pommes,Gerbl√©,sweet-snacks,2.1,0.5833333333333334,456.0,8.9,17.0,0.05,,b
5060088700112,Protein Cocoa Hazelnut Bars,Nakd,sweet-snacks,2.99,2.214814814814815,421.0,25.2,21.7,0.01,,not-applicable
7622210476296,Th√© - Biscuits,Lu,sweet-snacks,1.47,0.42,453.0,26.0,14.0,0.7,,e
3178530410105,Petites Madeleines,St Michel,sweet-snacks,2.21,0.442,419.0,23.0,21.0,0.71,,d
3251490307002,Go√ªter p√©pites de chocolat,Gerbl√©,sweet-snacks,2.15,0.86,452.0,21.2,16.8,0.27,,d
80761761,Kinder Bueno White,Kinder,sweet-snacks,19.99,51.25641025641025,571.0,43.9,35.9,0.33,,e
7622201809638,Napolitain l'Original,"LU, Mondelez, Mondelez International",sweet-snacks,1.73,0.961111111111111,430.0,32.0,19.7,1.2,,e
3175681066632,Biscuits pavot citron,Gerbl√©,sweet-snacks,1.86,0.93,454.0,16.0,16.0,0.36,,c
7622210713889,Belvita Original Petit-D√©jeuner miel et p√©pites de chocolat,LU,sweet-snacks,3.45,0.7840909090909091,444.0,28.0,15.0,0.69,,d
7622210421968,V√©ritable Petit √âcolier Chocolat au Lait,"LU,Mondelez International",sweet-snacks,1.92,1.28,498.0,39.0,23.0,0.64,,e
8410376009392,Galletas fibra zero az√∫cares,Gull√≥n,sweet-snacks,1600.0,941.1764705882354,431.0,0.5,17.0,0.65,,b
7622210713780,Belvita Petit D√©jeuner Chocolat,"LU,Mondelez",sweet-snacks,3.3,0.825,439.0,27.0,14.0,0.62,,d
4056489471264,Edelbitter Mild 90%,J.D. Gross,sweet-snacks,1.49,1.192,605.0,7.3,51.9,0.02,,d
3017760000062,V√©ritable Petit Beurre Pocket,lu,sweet-snacks,2.03,0.6766666666666666,440.0,23.0,12.0,1.3,,e
20713713,Chocolat noir Equateur Bio,J.D. Gross,sweet-snacks,1.87,1.87,639.0,14.0,55.3,0.01,,d
3251490320001,Biscuit complet au germe de bl√©,Gerbl√©,sweet-snacks,1.63,0.7761904761904761,440.0,21.4,14.3,0.238,,c
7622210100917,Milka galette choco,LU,sweet-snacks,2.0,0.7692307692307692,504.5411089071,35.0,24.0,0.59,,e
3046920027885,Excellence Noir √† la Pointe de Fleur de Sel,Lindt,sweet-snacks,2.32,2.32,537.0,47.0,32.0,0.37,,e
5060088706022,NAKD Cacahu√®tes - 140g (4x1p),"Nakd., Lotus Bakeries",sweet-snacks,2.87,2.0500000000000003,442.0,35.0,23.0,0.58,,not-applicable
3228857001316,Brioche Tranch√©e Recette Classique,Harrys,sweet-snacks,2.39,0.49278350515463926,345.0,15.0,11.0,1.1,,d
7622210476104,V√©ritable Petit Beurre,Lu,sweet-snacks,2.16,0.54,440.0,23.2,12.0,1.4,,e
8410076610621,"Sweet & Salty Nut chocolat noir et m√©lange de noix, 5 barres de 30 g","General Mills France,Nature valley",sweet-snacks,3.75,2.5,464.0,23.3,22.9,0.93,,d
20005832,Dark Chocolate,Fin Carr√©,sweet-snacks,1.29,1.29,531.0,47.7,31.5,0.01,,e
3017760756198,Granola LU,LU,sweet-snacks,2.18,1.184782608695652,503.0,36.0,26.0,1.0,,e
7622210713926,Belvita Brut & 5 c√©r√©ales compl√®tes,Lu,sweet-snacks,2.45,0.6125,438.0,22.0,14.0,1.4,,d
3251491787810,Go√ªter aux raisins,Gerbl√©,sweet-snacks,1.93,0.5361111111111111,434.0,21.0,14.0,0.0,,c
7622300689124,Granola L'original Gros √©clats de chocolat,"Granola,LU,Mondelez",sweet-snacks,2.69,0.9746376811594204,503.0,36.0,26.0,1.0,,e
7614500010013,Toblerone,Toblerone,sweet-snacks,1.49,1.49,528.0,60.0,28.0,0.12,,e
3229820004334,Le cookie Chocolat Noisette,Bjorg,sweet-snacks,2.56,1.28,496.0,29.0,26.0,0.36,,d
3023470001015,Galettes St Michel au beurre 4X5 - 130g,St michel,sweet-snacks,1.15,0.8846153846153845,470.0,26.0,16.0,0.87,,e
7622210476241,Petit brun extra,"Brun,Mondelez",sweet-snacks,1.52,0.5066666666666667,441.0,25.0,12.0,0.8,,e
3061990143594,"BN - Casse Croute Biscuits, 375g",BN,sweet-snacks,1.62,0.405,381.0,25.6,5.0,0.00156,,d
3251491787803,Go√ªter aux √©corces confites,Gerbl√©,sweet-snacks,1.91,0.5305555555555556,445.0,20.0,15.0,0.03,,c
20177201,–®–æ–∫–æ–ª–∞–¥ —Å 6% –ø–∞—Ä—á–µ–Ω—Ü–∞ –º–∞–ª–∏–Ω–∏,"J.D. Gross, Lidl",sweet-snacks,2.39,1.9120000000000001,552.0,28.8,39.2,0.08,,e
3045140118502,Milka Tablette Noisette,"Milka, Mondelez",sweet-snacks,2.43,2.43,563.0,45.0,37.0,0.22,,e
3175681116832,Sabl√© saveur COCO,Gerbl√©,sweet-snacks,2.56,1.9393939393939394,427.2,0.0,15.0,0.2,,c
7622210444141,Moelleux chocolat,"Belvita, LU, Mondelez International",sweet-snacks,2.91,1.1640000000000001,399.0,18.0,14.0,0.44,,c
8000500273296,Ferrero Rocher,Ferrero,sweet-snacks,9.75,2.6,603.0,39.9,42.7,0.15,,e
20177218,NOIR DEGUSTATION 70% CARAMEL,"J.D. Gross, Lidl",sweet-snacks,2.39,1.9120000000000001,544.0,35.2,36.8,0.16,,e
3046920029681,Excellence Noir D√©licat Doux 85% Cacao,Lindt EXCELLENCE,sweet-snacks,2.51,2.51,603.0,14.0,55.0,0.03,,e
3178530402728,La Madeleine Pur beurre,Bonne Maman,sweet-snacks,2.9,0.9666666666666667,435.0,29.0,25.0,0.86,,e
7622300336738,Oreo Original,"Mondelez,Oreo",sweet-snacks,2.9,1.883116883116883,472.0,35.0,19.0,0.76,,e
3034470003107,Benco Original,Benco,sweet-snacks,2.27,0.5675,180.0,37.1,1.1,0.105,,e
3229820794532,Nutri+ avoine complet,Bjorg,sweet-snacks,2.19,1.6846153846153846,442.0,16.0,15.0,0.35,,c
8000500267035,Cacao,Kinder,sweet-snacks,0.85,2.1794871794871793,451.0,43.1,22.8,0.32,,e
3175681257566,Gingembre saveur citron üçã,Gerbl√©,sweet-snacks,3.35,2.5378787878787876,456.0,17.0,16.0,0.44,,c
4008400260921,Kinder Country,"Kinder, Ferrero",sweet-snacks,2.98,1.4089834515366428,561.0,49.1,33.8,0.275,,e
8013355999143,Gocciole classiche pav 500 gr,Pavesi,sweet-snacks,3.79,0.758,488.0,22.0,22.0,0.53,,e
8410076610744,Protein Caramel sal√© Cacahu√®tes,Nature Valley,sweet-snacks,3.9,2.4375,495.0,15.8,29.5,0.925,,d
4088600132334,85% Cocoa - Dark Chocolate,Moser Roth,sweet-snacks,2.49,1.9920000000000002,604.0,13.2,49.6,0.0012,,d
3700214611548,Noir equitable 85% P√©rou,Alter Eco,sweet-snacks,3.65,3.65,631.0,14.0,53.0,0.01,,d
8000500269169,Kinder Cards,"Ferrero,Kinder",sweet-snacks,2.05,1.6015624999999998,510.0,42.9,26.3,0.445,,e
3178530410143,Petites Madeleines p√©pites chocolat,St Michel,sweet-snacks,2.67,0.6675,425.0,29.0,21.0,0.69,,d
